Id,Nome,Descricao,Data,Local,Horario,Gratuito,Tipo,Link,Saved
001,Saidinha,Summer House - Avenida Capitão João Gonçalves da Luz 77 São Benedito - Olinda,22-03-2026,Summer House - Avenida Capitão João Gonçalves da Luz 77 São Benedito - Olinda,22/03/2026 12:00,,Plataforma Web,https://www.sympla.com.br/evento/saidinha/3293583,false
002,O GRANDE ENCONTRO - MANHATTAN,Manhattan Café Theatro - Rua Francisco da Cunha 881 Boa Viagem - Recife,27-02-2026,Manhattan Café Theatro - Rua Francisco da Cunha 881 Boa Viagem - Recife,27/02/2026 20:00,,Plataforma Web,https://www.sympla.com.br/evento/o-grande-encontro-manhattan/3299595,false
003,SEXTA-FEIRA 13 UNDERGROUND!,Budega do Selva - Praça do Derby 17 Derby - Recife,13-03-2026,Budega do Selva - Praça do Derby 17 Derby - Recife,13/03/2026 20:00,,Plataforma Web,https://www.sympla.com.br/evento/sexta-feira-13-underground/3302396,false
004,Seu Pereira e Coletivo 401 em Recife / PE,Frege - Avenida Rio Branco 155 Recife - Recife,21-03-2026,Frege - Avenida Rio Branco 155 Recife - Recife,21/03/2026 21:00,,Plataforma Web,https://www.sympla.com.br/evento/seu-pereira-e-coletivo-401-em-recife-pe/3309327,false
005,SÓ OS LOUCOS SABEM | Recife-PE,Estelita Bar - Avenida Saturnino de Brito 385 Cabanga - Recife,28-03-2026,Estelita Bar - Avenida Saturnino de Brito 385 Cabanga - Recife,28/03/2026 21:00,,Plataforma Web,https://www.sympla.com.br/evento/so-os-loucos-sabem-recife-pe/3289587,false
006,NOITE DAS BLOGUEIRAS - COM MADRINHA 13|MARÇO SEXTA,Clube Metrópole - Rua das Ninfas 125 Boa Vista - Recife,13-03-2026,Clube Metrópole - Rua das Ninfas 125 Boa Vista - Recife,13/03/2026 22:00,,Plataforma Web,https://www.sympla.com.br/evento/noite-das-blogueiras-com-madrinha-13-marco-sexta/3307887,false
007,360 HYPERCLUB,Estelita - Saturnino de Brito 385 Cabanga - Recife,06-03-2026,Estelita - Saturnino de Brito 385 Cabanga - Recife,06/03/2026 22:00,,Plataforma Web,https://www.sympla.com.br/evento/360-hyperclub/3307795,false
008,TAURUS EM RECIFE - 07 DE MARÇO 2026 @DARKSIDERECIFE,Darkside studio - Rua Barão de São Borja 89 - Recife,07-03-2026,Darkside studio - Rua Barão de São Borja 89 - Recife,07/03/2026 19:00,,Plataforma Web,https://www.sympla.com.br/evento/taurus-em-recife-07-de-marco-2026-darksiderecife/3300060,false
009,BEATS - Sábado - 14/Março,Clube Metrópole - Rua das Ninfas 125 Boa Vista - Recife,14-03-2026,Clube Metrópole - Rua das Ninfas 125 Boa Vista - Recife,14/03/2026 22:00,,Plataforma Web,https://www.sympla.com.br/evento/beats-sabado-14-marco/3291459,false
010,PAGODE PRA VALER : PRIMEIRA EDIÇÃO,Empório Barrozo Bistrô & Gastrobar - Rua da Aurora 1225 Boa Vista - Recife,13-03-2026,Empório Barrozo Bistrô & Gastrobar - Rua da Aurora 1225 Boa Vista - Recife,13/03/2026 20:00,,Plataforma Web,https://www.sympla.com.br/evento/pagode-pra-valer-primeira-edicao/3304394,false
011,As Estrelas de Aurora,Teatro Barreto Júnior - Rua Estudante Jeremias Bastos 01 Pina - Recife,28-03-2026,Teatro Barreto Júnior - Rua Estudante Jeremias Bastos 01 Pina - Recife,28/03/2026 17:00,,Plataforma Web,https://www.sympla.com.br/evento/as-estrelas-de-aurora/3261704,false
012,Um Mar de Aventuras - In Concert,Cine Teatro do Parque - Rua do Hospício 81 Boa Vista - Recife,27-02-2026,Cine Teatro do Parque - Rua do Hospício 81 Boa Vista - Recife,27/02/2026 20:00,,Plataforma Web,https://www.sympla.com.br/evento/um-mar-de-aventuras-in-concert/3270028,false
013,DALE! - Sábado - 28/FEV,Clube Metrópole - Rua das Ninfas 125 Boa Vista - Recife,28-02-2026,Clube Metrópole - Rua das Ninfas 125 Boa Vista - Recife,28/02/2026 22:00,,Plataforma Web,https://www.sympla.com.br/evento/dale-sabado-28-fev/3291432,false
014,"A BANDA DOS CORAÇÕES SELVAGENS COM: ANO PASSADO EU MORRIR, MAS ESSE ANO EU NÃO MORRO!",Terra Café I Bar - Rua Bispo Cardoso Ayres 467 Boa Vista - Recife,06-03-2026,Terra Café I Bar - Rua Bispo Cardoso Ayres 467 Boa Vista - Recife,06/03/2026 20:00,,Plataforma Web,https://www.sympla.com.br/evento/a-banda-dos-coracoes-selvagens-com-ano-passado-eu-morrir-mas-esse-ano-eu-nao-morro/3267098,false
015,Samba BoaNova - Roda de Samba Raiz no Recife,Empório Barrozo Bistrô & Gastrobar - Rua da Aurora 1225 Boa Vista - Recife,07-03-2026,Empório Barrozo Bistrô & Gastrobar - Rua da Aurora 1225 Boa Vista - Recife,07/03/2026 16:00,,Plataforma Web,https://www.sympla.com.br/evento/samba-boanova-roda-de-samba-raiz-no-recife/3304412,false
016,CLUB ZODÍACO Peixes - Sábado - 07/Março,Clube Metrópole - Rua das Ninfas 125 Boa Vista - Recife,07-03-2026,Clube Metrópole - Rua das Ninfas 125 Boa Vista - Recife,07/03/2026 22:00,,Plataforma Web,https://www.sympla.com.br/evento/club-zodiaco-peixes-sabado-07-marco/3291452,false
017,SUMMER HITS PARTY - Sábado - 28/MARÇO,Clube Metrópole - Rua das Ninfas 125 Boa Vista - Recife,28-03-2026,Clube Metrópole - Rua das Ninfas 125 Boa Vista - Recife,28/03/2026 22:00,,Plataforma Web,https://www.sympla.com.br/evento/summer-hits-party-sabado-28-marco/3291477,false
018,RECIFE NIGHT - Sábado - 21/MARÇO,Clube Metrópole - Rua das Ninfas 125 Boa Vista - Recife,21-03-2026,Clube Metrópole - Rua das Ninfas 125 Boa Vista - Recife,21/03/2026 22:00,,Plataforma Web,https://www.sympla.com.br/evento/recife-night-sabado-21-marco/3291468,false
019,Recife-Lançamento FCJ Innovation Club,Coco Bambu Derby - Avenida Governador Agamenon Magalhães 2132 - Recife,31-03-2026,Coco Bambu Derby - Avenida Governador Agamenon Magalhães 2132 - Recife,31/03/2026 18:00,,Plataforma Web,https://www.sympla.com.br/evento/recife-lancamento-fcj-innovation-club/3285705,false
020,HEROÍNAS DO K-POP / 15 de março,Teatro Barreto Júnior - Rua Estudante Jeremias Bastos Pina - Recife,15-03-2026,Teatro Barreto Júnior - Rua Estudante Jeremias Bastos Pina - Recife,15/03/2026 10:30,,Plataforma Web,https://www.sympla.com.br/evento/heroinas-do-k-pop-15-de-marco/3292469,false
021,Hamburgada do Bem - Recife - 597,Recife - Em breve - Recife,21-03-2026,Recife - Em breve - Recife,21/03/2026 08:30,,Plataforma Web,https://www.sympla.com.br/evento/hamburgada-do-bem-recife-597/3307366,false
022,Copa das Nações de Beach Soccer | Paraíba World Beach Games 2026,Busto Tamandaré - Avenida Almirante Tamandaré s/n - João Pessoa,19-03-2026,Busto Tamandaré - Avenida Almirante Tamandaré s/n - João Pessoa,19/03/2026 13:00,,Plataforma Web,https://www.sympla.com.br/evento/copa-das-nacoes-de-beach-soccer-paraiba-world-beach-games-2026/3319139,false
023,52º TAFC - Team Águia Footvolley Cup | Paraíba World Beach Games 2026,Busto Tamandaré - Avenida Almirante Tamandaré s/n - João Pessoa,26-02-2026,Busto Tamandaré - Avenida Almirante Tamandaré s/n - João Pessoa,26/02/2026 13:00,,Plataforma Web,https://www.sympla.com.br/evento/52o-tafc-team-aguia-footvolley-cup-paraiba-world-beach-games-2026/3319123,false
024,2ª ETAPA - CIRCUITO BRASILEIRO DE VÔLEI DE PRAIA - JOÃO PESSOA/PB,Busto Tamandaré - Avenida Almirante Tamandaré s/n - João Pessoa,04-03-2026,Busto Tamandaré - Avenida Almirante Tamandaré s/n - João Pessoa,04/03/2026 08:00,,Plataforma Web,https://www.sympla.com.br/evento/2a-etapa-circuito-brasileiro-de-volei-de-praia-joao-pessoa-pb/3311526,false
025,"Aline Negríndia Em: ""Tá Tudo Dominado"" Show De Comédia - Ingresso.com",Recife Comedy Club,14-03-2026,Recife Comedy Club,14/03/2026,,Plataforma Web,https://www.ingresso.com/evento/aline-negrindia-em-ta-tudo-dominado-show-de-comedia?city=recife,false
026,Clube Dos Entendidos - Show De Humor LGBTQIAPN+ - Ingresso.com,Recife Comedy Club,07-03-2026,Recife Comedy Club,07/03/2026,,Plataforma Web,https://www.ingresso.com/evento/clube-dos-entendidos-show-de-humor-lgbtqiapn?city=recife,false
027,"Marcílio Rodrigues - Gravação Do Especial ""Antigamente Era Assim"" (Comédia Stand-Up) - Ingresso.com","pecial ""Antigamente Era Assim"" (Comédia Stand-Up) Recife Comedy Club",21-03-2026,"pecial ""Antigamente Era Assim"" (Comédia Stand-Up) Recife Comedy Club",21/03/2026,,Plataforma Web,https://www.ingresso.com/evento/marcilio-rodrigues-gravacao-do-especial-antigamente-era-assim-comedia-stand-up?city=recife,false
028,Soft Open - Novos Comediantes Em Cena - Ingresso.com,pen - Novos Comediantes Em Cena Recife Comedy Club,26-02-2026,pen - Novos Comediantes Em Cena Recife Comedy Club,26/02/2026,,Plataforma Web,https://www.ingresso.com/evento/soft-open-novos-comediantes-em-cena?city=recife,false
029,PAGUNÇA em Recife,"Parador - Avenida Alfredo Lisboa, nº 05, Recife Antigo - Recife",14-03-2026,"Parador - Avenida Alfredo Lisboa, nº 05, Recife Antigo - Recife",14/03/2026 18:00,,Plataforma Web,https://www.recifeingressos.com/pagunca-em-recife,false
030,AS VOZES PÉRICLES e FERRUGEM em Recife,"Classic Hall - Avenida Governador Agamenon Magalhães, nº 12, Salgadinho - Olinda",21-03-2026,"Classic Hall - Avenida Governador Agamenon Magalhães, nº 12, Salgadinho - Olinda",21/03/2026 20:00,,Plataforma Web,https://www.recifeingressos.com/pericles-e-ferrugem-em-recife,false
031,Trap World Recife,"Centro de convenções da UFPE - Praça Pinto Damásio, nº S/N, Várzea - Recife",27-03-2026,"Centro de convenções da UFPE - Praça Pinto Damásio, nº S/N, Várzea - Recife",27/03/2026 22:00,,Plataforma Web,https://www.recifeingressos.com/trap-world-recife,false
032,Festival PLAYLIST LIMÃO - Recife 2026,"Área Externa - Centro de Convenções - Rua Alemanha, Salgadinho - Olinda",28-03-2026,"Área Externa - Centro de Convenções - Rua Alemanha, Salgadinho - Olinda",28/03/2026 16:00,,Plataforma Web,https://www.recifeingressos.com/festival-playlist-limao,false
033,Drilha São João Gomes,Sem descricao disponivel.,22-02-2026,Recife,22 FEV - 11:00h a 22 FEV - 18:00h,,Plataforma Web,https://www.instagram.com/p/DU8d8f7jTqT/?img_index=1,false
034,2000 Music Festival - Nacional Ed Recife,Recife Estelita Saber mais,07-03-2026,Recife Estelita Saber mais,07 MAR - 22:00h a 07 MAR - 23:59h,,Plataforma Web,https://sympla.queue-it.net/?c=sympla&e=symplavisitorpeak&ver=javascript-4.0.0&cver=308&man=Sympla%20Prod%20-%20Action&enqueuetoken=eyJ0eXAiOiJRVDEiLCJlbmMiOiJBRVMyNTYiLCJpc3MiOjE3NzE3Mzc2MjgxMTAsImV4cCI6MTc3MTczNzg2ODExMCwidGkiOiJjMjQ1MzdkZC1jNDg4LTQ4ZjUtODFlMC1jYWVjMTg2ZThkZTYiLCJjIjoic3ltcGxhIiwiZSI6InN5bXBsYXZpc2l0b3JwZWFrIiwiaXAiOiIxNjguMTk2LjQxLjE0NCJ9.ZQiEYkdMP8MAoumytgNgHw.8t13lcm3v8za7FTSBae-l8zMrZfpf6vWKOZQOViagGE&t=https%3A%2F%2Fwww.sympla.com.br%2Fevento%2F2000-music-festival-nacional-edicao-recife%2F3261908%3FalgoliaID%3Dfcc8e994e9abc41e3fcaac869a6207c5&kupver=cloudflare-4.0.0,false
035,AWSome Women Community Summit Brasil 2026,Recife Saber mais,14-03-2026,Recife Saber mais,14 MAR - 08:00h a 14 MAR - 17:30h,,Plataforma Web,https://sympla.queue-it.net/?c=sympla&e=symplavisitorpeak&ver=javascript-4.0.0&cver=308&man=Sympla%20Prod%20-%20Action&enqueuetoken=eyJ0eXAiOiJRVDEiLCJlbmMiOiJBRVMyNTYiLCJpc3MiOjE3NzE3Mzc2MjkzOTksImV4cCI6MTc3MTczNzg2OTM5OSwidGkiOiJiOTM4ZjUwMS1mNTljLTQ1NjktODZjMy1mMmMyZDhjMWY0YzIiLCJjIjoic3ltcGxhIiwiZSI6InN5bXBsYXZpc2l0b3JwZWFrIiwiaXAiOiIxNjguMTk2LjQxLjE0NCJ9.DaLPHSejx6X3qFovOhQuCg.ktwPU4gae7e5ncBs6B-TwYIEpSiAlCUAS40bJIHnuYM&t=https%3A%2F%2Fwww.sympla.com.br%2Fevento%2Fawsome-women-community-summit-brasil-2026%2F3158951&kupver=cloudflare-4.0.0,false
036,CAROL DELGADO em ENERGIA FEMININA (stand-up comedy),petáculos 14 MAR • 20:00h CAROL DELGADO em ENERGIA FEMININA (stand-up comedy) Teat,14-03-2026,petáculos 14 MAR • 20:00h CAROL DELGADO em ENERGIA FEMININA (stand-up comedy) Teat,14 MAR - 20:00h a 14 MAR - 21:31h,,Plataforma Web,https://sympla.queue-it.net/?c=sympla&e=symplavisitorpeak&ver=javascript-4.0.0&cver=308&man=Sympla%20Prod%20-%20Action&enqueuetoken=eyJ0eXAiOiJRVDEiLCJlbmMiOiJBRVMyNTYiLCJpc3MiOjE3NzE3Mzc2MzAyODksImV4cCI6MTc3MTczNzg3MDI4OSwidGkiOiJmYjA0MTMxMC04YjM3LTRhYzYtOTM4Yy1lM2Y3MjA1YmZjYmEiLCJjIjoic3ltcGxhIiwiZSI6InN5bXBsYXZpc2l0b3JwZWFrIiwiaXAiOiIxNjguMTk2LjQxLjE0NCJ9.ld4R8BDFG0AVUmt9GQ5iSw.RgzD2J3LDDmRIqOx0eZ054GFu0Itl7TioWWBO7nSeac&t=https%3A%2F%2Fwww.sympla.com.br%2Fevento%2Fcarol-delgado-em-energia-feminina-stand-up-comedy%2F3248805%3FalgoliaID%3D9742c9baff5778c9a6ca65009c1d1ae8&kupver=cloudflare-4.0.0,false
037,Sambay Recife!,Recife! Concha Acústica da UFPE Saber mais,14-03-2026,Recife! Concha Acústica da UFPE Saber mais,14 MAR - 22:00h a 14 MAR - 23:59h,,Plataforma Web,https://sympla.queue-it.net/?c=sympla&e=symplavisitorpeak&ver=javascript-4.0.0&cver=308&man=Sympla%20Prod%20-%20Action&enqueuetoken=eyJ0eXAiOiJRVDEiLCJlbmMiOiJBRVMyNTYiLCJpc3MiOjE3NzE3Mzc2MzEzNjIsImV4cCI6MTc3MTczNzg3MTM2MiwidGkiOiI1ZDZjNmRkYy05YWJjLTQwMjMtODU3NS0zZmM3MGY0ODliYTgiLCJjIjoic3ltcGxhIiwiZSI6InN5bXBsYXZpc2l0b3JwZWFrIiwiaXAiOiIxNjguMTk2LjQxLjE0NCJ9.FC1b5TCkcw42uy2redBgsw.Hbl10T8WFZhwlzfrFVNcNKGtBPUy919bTGDZMfs9iJ4&t=https%3A%2F%2Fwww.sympla.com.br%2Fevento%2Fsambay-recife-14-de-marco%2F3150935&kupver=cloudflare-4.0.0,false
038,Gênio e o Mundo Ideal das Princesas,petáculos 15 MAR • 16:30h Gênio e o Mundo Ideal das Princesas Teatro Luiz Mendonça,15-03-2026,petáculos 15 MAR • 16:30h Gênio e o Mundo Ideal das Princesas Teatro Luiz Mendonça,15 MAR - 16:30h a 15 MAR - 19:30h,,Plataforma Web,https://teatroluizmendonca.byinti.com/#/event/genioeomundoidealdasprincesas,false
039,Matheus Buente - O PROBLEMA É THEU (Stand-up comedy).,petáculos 20 MAR • 20:00h Matheus Buente - O PROBLEMA É THEU (Stand-up comedy),20-03-2026,petáculos 20 MAR • 20:00h Matheus Buente - O PROBLEMA É THEU (Stand-up comedy),20 MAR - 20:00h a 20 MAR - 22:00h,,Plataforma Web,https://sympla.queue-it.net/?c=sympla&e=symplavisitorpeak&ver=javascript-4.0.0&cver=308&man=Sympla%20Prod%20-%20Action&enqueuetoken=eyJ0eXAiOiJRVDEiLCJlbmMiOiJBRVMyNTYiLCJpc3MiOjE3NzE3Mzc2MzMyMDQsImV4cCI6MTc3MTczNzg3MzIwNCwidGkiOiJmMmQyYWQwNC1hNGYwLTQ0OTctOGY2MC00MjUyMDU1OGJlZDUiLCJjIjoic3ltcGxhIiwiZSI6InN5bXBsYXZpc2l0b3JwZWFrIiwiaXAiOiIxNjguMTk2LjQxLjE0NCJ9.2twCUj8AyAw_HZty3l_ECg.dk6wrp9P7R03FtyE39Jc8_egtPQ5pXhESNj1UQvmFHM&t=https%3A%2F%2Fwww.sympla.com.br%2Fevento%2Fmatheus-buente-o-problema-e-theu-stand-up-comedy%2F3283011%3FalgoliaID%3D0925e27ba22348f08a6dc6fe44aa010d&kupver=cloudflare-4.0.0,false
040,"COMEDIANO, A COMÉDIA DO COTIDIANO",petáculos 21 MAR • 20:00h COMEDIANO,21-03-2026,petáculos 21 MAR • 20:00h COMEDIANO,21 MAR - 20:00h a 21 MAR - 21:40h,,Plataforma Web,https://sympla.queue-it.net/?c=sympla&e=symplavisitorpeak&ver=javascript-4.0.0&cver=308&man=Sympla%20Prod%20-%20Action&enqueuetoken=eyJ0eXAiOiJRVDEiLCJlbmMiOiJBRVMyNTYiLCJpc3MiOjE3NzE3Mzc2MzQxNTcsImV4cCI6MTc3MTczNzg3NDE1NywidGkiOiJjMWM2YmExMy04NmRjLTRjODYtODEzOC1jNTIxYzBlNzI5NDkiLCJjIjoic3ltcGxhIiwiZSI6InN5bXBsYXZpc2l0b3JwZWFrIiwiaXAiOiIxNjguMTk2LjQxLjE0NCJ9.xnLyIvwON0oxixY9Q7GV2w.PL1cQZ95oaDK1mInPuBA4AFJxjJ5HA5ner0pqC7bbPY&t=https%3A%2F%2Fwww.sympla.com.br%2Fevento%2Fcomediano-a-comedia-do-cotidiano%2F3228259&kupver=cloudflare-4.0.0,false
041,Como é que eu vim parar aqui?,petáculos 21 MAR > 22 MAR Como é que eu vim parar aqui? Teatro Luiz Mendonça Saber,21-03-2026,petáculos 21 MAR > 22 MAR Como é que eu vim parar aqui? Teatro Luiz Mendonça Saber,21 MAR - 20:00h a 22 MAR - 20:55h,,Plataforma Web,https://teatroluizmendonca.byinti.com/#/event/como-e-que-eu-vim-parar-aqui,false
042,Seu Pereira e Coletivo 401.,Pereira e Coletivo 401,21-03-2026,Pereira e Coletivo 401,21 MAR - 21:00h a 21 MAR - 23:59h,,Plataforma Web,https://sympla.queue-it.net/?c=sympla&e=symplavisitorpeak&ver=javascript-4.0.0&cver=308&man=Sympla%20Prod%20-%20Action&enqueuetoken=eyJ0eXAiOiJRVDEiLCJlbmMiOiJBRVMyNTYiLCJpc3MiOjE3NzE3Mzc2MzU3NTksImV4cCI6MTc3MTczNzg3NTc1OSwidGkiOiI2NDI4ZmNmMS05NTMwLTQ5MzgtOTM1ZC1jNjNlZDBiNzJiODQiLCJjIjoic3ltcGxhIiwiZSI6InN5bXBsYXZpc2l0b3JwZWFrIiwiaXAiOiIxNjguMTk2LjQxLjE0NCJ9.NuSAr6CmNNrxk9oUXNd2-g.kMjRpd2ZrqJelgnlGhJrGyBMYY18DGAtB76iB5333L4&t=https%3A%2F%2Fwww.sympla.com.br%2Fevento%2Fseu-pereira-e-coletivo-401-em-recife-pe%2F3309327&kupver=cloudflare-4.0.0,false
043,Kedny Silva em Recife.,petáculos 22 MAR • 19:00h Kedny Silva em Recife,22-03-2026,petáculos 22 MAR • 19:00h Kedny Silva em Recife,22 MAR - 19:00h a 22 MAR - 20:30h,,Plataforma Web,https://sympla.queue-it.net/?c=sympla&e=symplavisitorpeak&ver=javascript-4.0.0&cver=308&man=Sympla%20Prod%20-%20Action&enqueuetoken=eyJ0eXAiOiJRVDEiLCJlbmMiOiJBRVMyNTYiLCJpc3MiOjE3NzE3Mzc2MzY3MjIsImV4cCI6MTc3MTczNzg3NjcyMiwidGkiOiI4MGVlYjQ3Ni1jMzBmLTQ1ZDgtOTdjMy1jMDI3YTE2MTAxYmMiLCJjIjoic3ltcGxhIiwiZSI6InN5bXBsYXZpc2l0b3JwZWFrIiwiaXAiOiIxNjguMTk2LjQxLjE0NCJ9.9CoJNCF8AP9ruQK4NLjJaw.qyEU4rq5S7hTmUTj3Fdn_B05uMVEhnxAWB1IP2ZSMs4&t=https%3A%2F%2Fwww.sympla.com.br%2Fevento%2Fkedny-silva-em-recife%2F3264397%3FalgoliaID%3D9efd7071736b0e2f90bce9d7ae1ccf3d&kupver=cloudflare-4.0.0,false
044,Paulinho Moska,Sem descricao disponivel.,27-03-2026,Recife,27 MAR - 20:00h a 27 MAR - 23:59h,,Plataforma Web,https://bileto.sympla.com.br/event/115027/d/358995/s/2426647?_gl=1*8175tx*_gcl_au*MTM1NzA5MTk4MC4xNzY4MDcyODgxLjExNTk3ODk0ODkuMTc2ODA3MzkzMC4xNzY4MDc0NTc1*_ga*ODMwNzg5MzM3LjE3NjgwNzI4ODQ.*_ga_KXH10SQTZF*czE3Njk0NDQ4NjAkbzUkZzEkdDE3Njk0NDcxOTAkajI0JGwwJGgxMjEyMjEzMDg0,false
045,As Estrelas de Aurora.,petáculos 28 MAR • 17:00h As Estrelas de Aurora,28-03-2026,petáculos 28 MAR • 17:00h As Estrelas de Aurora,28 MAR - 17:00h a 28 MAR - 18:00h,,Plataforma Web,https://sympla.queue-it.net/?c=sympla&e=symplavisitorpeak&ver=javascript-4.0.0&cver=308&man=Sympla%20Prod%20-%20Action&enqueuetoken=eyJ0eXAiOiJRVDEiLCJlbmMiOiJBRVMyNTYiLCJpc3MiOjE3NzE3Mzc2Mzg1NjksImV4cCI6MTc3MTczNzg3ODU2OSwidGkiOiJkNjEzZTA3YS1jNzRlLTRhMDYtOTZiZi02YzgyYWFiY2NiNzEiLCJjIjoic3ltcGxhIiwiZSI6InN5bXBsYXZpc2l0b3JwZWFrIiwiaXAiOiIxNjguMTk2LjQxLjE0NCJ9.ugacnhBxpbFswDZlW5mLbA._J3_mSVMTcrhdDoj2EPH9228SS_IN182_dI9506W6PY&t=https%3A%2F%2Fwww.sympla.com.br%2Fevento%2Fas-estrelas-de-aurora%2F3261704%3FalgoliaID%3D6546454708f1bf8c796f9279715d6481&kupver=cloudflare-4.0.0,false
046,Ballet Anjo Negro,petáculos 28 MAR • 19:00h Ballet Anjo Negro Teatro Barreto Junior Saber mais,28-03-2026,petáculos 28 MAR • 19:00h Ballet Anjo Negro Teatro Barreto Junior Saber mais,28 MAR - 19:00h a 28 MAR - 20:00h,,Plataforma Web,https://sympla.queue-it.net/?c=sympla&e=symplavisitorpeak&ver=javascript-4.0.0&cver=308&man=Sympla%20Prod%20-%20Action&enqueuetoken=eyJ0eXAiOiJRVDEiLCJlbmMiOiJBRVMyNTYiLCJpc3MiOjE3NzE3Mzc2Mzk1MTEsImV4cCI6MTc3MTczNzg3OTUxMSwidGkiOiIxOTRmMzhkMS1iMThlLTQ1YmEtOGQ3NC05OTY4OWFmMmZiYmEiLCJjIjoic3ltcGxhIiwiZSI6InN5bXBsYXZpc2l0b3JwZWFrIiwiaXAiOiIxNjguMTk2LjQxLjE0NCJ9.pVpgKVi6rNAAeL3Vb1JojQ.cXMnQWbiE-Yc6uJky-qo1fimjSZXG3E8kHdEROUNxws&t=https%3A%2F%2Fwww.sympla.com.br%2Fevento%2Fballet-anjo-negro%2F3262488%3FalgoliaID%3D7d80fcb37099e8516549d8799bc87f99&kupver=cloudflare-4.0.0,false
047,Festival Playlist,Pernambuco Saber mais,28-03-2026,Pernambuco Saber mais,28 MAR - 20:00h a 28 MAR - 23:59h,,Plataforma Web,https://www.instagram.com/p/DU8pUw6gBcN/,false
048,Bloco TCM A LINDONA,Sem descricao disponivel.,22-02-2026,"Cariri Olindense - R. Cândida Luísa, 123 - Guadalupe","dom., 22 de fev., 12:00 – 19:00",,Eventos Google,https://www.sympla.com.br/evento/bloco-tcm-a-lindona/3177609,false
049,5ª CORRIDA DA BÍBLIA,Sem descricao disponivel.,22-02-2026,Pátio Municipal de Eventos Dona Irene - R. Frei Serafim - centro,"dom., 22 de fev., 06:00 – 09:00",,Eventos Google,https://www.perunning.com.br/event-location/itapissuma-patio-municipal-de-eventos-dona-irene/,false
050,1ª CORRIDA CIRCUITO DA FAMÍLIA,Sem descricao disponivel.,22-02-2026,"Privê Vermont - Trilhas Ecológicas - 1744, PE-005, 2022-2108 - Timbi","dom., 22 de fev., 07:00 – 11:00",,Eventos Google,https://www.perunning.com.br/events/1a-corrida-circuito-da-familia/,false
051,CORRIDA DAS ondas,Sem descricao disponivel.,22-02-2026,"Hotel New Casablanca - Av. Dr. Cláudio José Gueiros Leite, 7040 - Pau Amarelo","dom., 22 de fev., 05:20 – 11:00",,Eventos Google,https://www.ticketsports.com.br/e/corrida-das-ondas-84942,false
052,ICELAND - PATINAÇÃO NO GELO SHOPPING TACARUNA,Sem descricao disponivel.,22-02-2026,"Shopping Tacaruna - Av. Gov. Agamenon Magalhães, 153 - Santo Amaro","7 de fev., 22:00 – 28 de fev., 22:00",,Eventos Google,https://bileto.sympla.com.br/event/112219,false
053,TAURUS EM RECIFE - 07 DE MARÇO @DARKSIDERECIFE,Sem descricao disponivel.,07-03-2026,"Darkside studio - R. Barão de São Borja, 89 - Soledade","sáb., 7 de mar., 19:00 – 23:50",,Eventos Google,https://www.sympla.com.br/taurus-em-recife-07-de-marco-darksiderecife__3300060,false
054,Alma em Movimento | Yoga na Praia,Sem descricao disponivel.,22-02-2026,"Quiosque 10 - Quiosque, Av. Boa Viagem, 10 - Boa Viagem","dom., 22 de fev., 05:30 – 08:30",,Eventos Google,https://www.sympla.com.br/alma-em-movimento-yoga-na-praia__3272428,false
055,Fevereiro Verão Águia Mania DOM 22/02 (Individual),Sem descricao disponivel.,22-02-2026,Parque Aquático Águia American Club - Rod. Governador Mário Covas - Pirapama,"dom., 22 de fev., 09:00 – 17:00",,Eventos Google,https://www.sympla.com.br/evento/fevereiro-verao-aguia-mania-dom-22-02-individual/3289391,false
056,Sky Tour Festival Revival @ Recife - PE,Sem descricao disponivel.,21-03-2026,"Armazém 14 - Av. Alfredo Lisboa, s/n - Recife","sáb., 21 de mar., 19:00 – 23:00",,Eventos Google,https://agitobrasil.com.br/agito/Recife/eventos/6923122449c9b/Sky-Tour-Festival-REVIVAL%C2%A0-Rosa-de-Saron-Catedral-Katsbarnea-Rebanh%C3%A3o-Novo-Som,false
057,The Wall - O Musical em Recife,Sem descricao disponivel.,08-03-2026,Teatro Boa Vista - R. Dom Bôsco - Boa Vista,"dom., 8 de mar., 17:30 – 21:30",,Eventos Google,https://www.agitobrasil.com.br/agito/Recife/eventos/6888deef59f9a/Teatro-Boa-Vista,false
058,Fórum de Cidades Digitais e Inteligentes da Região Metropolitana do Recife,Sem descricao disponivel.,26-03-2026,"SENAC Paulista - R. Oitenta e Dois, 30 - Jardim Paulista","qui., 26 de mar., 08:00 – 17:00",,Eventos Google,https://www.sympla.com.br/evento/forum-de-cidades-digitais-e-inteligentes-da-regiao-metropolitana-do-recife/3208774,false
059,Macy Gray - Recife - 28/02/2026 - Venda Geral,Find tickets for Macy Gray at Classic Hall in Olinda on 2/28/2026 at 7:00 PM,28-02-2026,"Classic Hall - Av. Gov. Agamenon Magalhães, S/N - Salgadinho","sáb., 28 de fev., 19:00 – 23:00",,Eventos Google,https://open.spotify.com/concert/5mUQZNxzHZEruXixUpp6HL,false
060,Alterdata Experience Recife,Sem descricao disponivel.,24-03-2026,"Metro Quadrado Espaço para Eventos Corporativos - Av. Pres. Dutra, 298 - Imbiribeira","ter., 24 de mar., 13:00 – 18:00",,Eventos Google,https://www.sympla.com.br/evento/alterdata-experience-recife/3260079,false
061,Workshop Presencial: Interpretação de Exames Laboratoriais com Ênfase no Paciente Oncológico,Sem descricao disponivel.,28-02-2026,"CCE FACCESA - Av. Conselheiro Aguiar, 1729 - Boa Viagem","sáb., 28 de fev., 08:30 – 12:00",,Eventos Google,https://www.sympla.com.br/evento/workshop-presencial-interpretacao-de-exames-laboratoriais-com-enfase-no-paciente-oncologico/3068399,false
062,Kedny Silva em Recife,Sem descricao disponivel.,22-03-2026,Barreto Júnior - R. Est. Jeremias Bastos - Pina,"dom., 22 de mar., 19:00 – 20:30",,Eventos Google,https://www.sympla.com.br/evento/kedny-silva-em-recife/3264397,false
063,Roberto Menescal,Ticket listings for Roberto Menescal at Teatro RioMar Recife in Recife on 29/03/2026,29-03-2026,"Teatro RioMar Recife - Av. República do Líbano, 251 - Pina","dom., 29 de mar., 20:00 – 23:00",,Eventos Google,https://www.viagogo.co.za/Concert-Tickets/Jazz-and-blues/Roberto-Menescal-Tickets/E-159910863,false
064,Circuito de Oratória para Vendas - Edição Recife,Sem descricao disponivel.,11-03-2026,"Fecomércio-PE - Av. Visc. de Suassuna, 265 - Santo Amaro","qua., 11 de mar., 18:00 – 22:00",,Eventos Google,https://www.sympla.com.br/evento/circuito-de-oratoria-para-vendas-edicao-recife/3276736,false
065,Noites quentes no nordeste Tour 2026 - Invasores de Cérebros (RECIFE),Sem descricao disponivel.,06-03-2026,"Darkside studio - R. Barão de São Borja, 89 - Soledade","sex., 6 de mar., 18:00 – 23:59",,Eventos Google,https://www.sympla.com.br/evento/noites-quentes-no-nordeste-tour-2026-invasores-de-cerebros-recife/3221288,false
066,Elas Podem - Recife,Sem descricao disponivel.,12-03-2026,"Sal e Brasa Jardins - Av. Rui Barbosa, 1345 - Graças","qui., 12 de mar., 17:00 – 23:00",,Eventos Google,https://www.sympla.com.br/evento/elas-podem---recife/3272684,false
067,PagoDéa Por Elas,Sem descricao disponivel.,07-03-2026,"AABB - Recife - Av. Dr. Malaquias, 204 - Graças","sáb., 7 de mar., 16:00 – dom., 8 de mar., 00:00",,Eventos Google,https://www.sympla.com.br/evento/pagodea-por-elas/3291594,false
068,"WORKSHOP ARENA INFRA - RECIFE, PE",Sem descricao disponivel.,11-03-2026,"R. Cmte. Antônio Manhães de Matos, 92 - Cabanga","qua., 11 de mar., 16:00 – qui., 12 de mar., 19:00",,Eventos Google,https://www.sympla.com.br/evento/workshop-arena-infra-recife-pe/3261176,false
069,Marisa Monte,"Ticket listings for Marisa Monte at Area Externa do Centro de Convencoes de Pernambuco in Olinda, PE on 14/03/2026",14-03-2026,"Centro de Convenções de Pernambuco - Av. Prof. Andrade Bezerra, s/n - Salgadinho","sáb., 14 de mar., 13:00 – 22:00",,Eventos Google,https://www.viagogo.com/au/Concert-Tickets/World-Music/Marisa-Monte-Tickets/E-160081216,false
070,SEXTA FEIRINHA,Sem descricao disponivel.,27-02-2026,"Faculdade de Ciências Humanas ESUDA - Rua Bispo Cardoso Ayres, S/n - Santo Amaro","sex., 27 de fev., 19:00 – 21:30",,Eventos Google,https://www.sympla.com.br/sexta-feirinha__3289345,false
071,MEETING DE GESTÃO EM ACADEMIAS - RECIFE,Sem descricao disponivel.,27-03-2026,"Beach Class Convention by MAI - R. Maria Carolina, 661 - Boa Viagem","sex., 27 de mar., 08:00 – 19:00",,Eventos Google,https://www.sympla.com.br/evento/recife-meeting-de-gestao-em-academias/3280764,false
072,Prática Solar ON GRID,Sem descricao disponivel.,23-02-2026,"KGMlan Distribuidora - Av. Mal. Mascarenhas de Morais, 841 - Imbiribeira","seg., 23 de fev., 09:00 – 17:00",,Eventos Google,https://www.sympla.com.br/evento/pratica-solar-on-grid/3290307,false
073,PNF e Marcha: Estratégias para a Prática Clínica,Sem descricao disponivel.,26-02-2026,"Moinho Recife Business & Life - R. de São Jorge, 240 - Recife","qui., 26 de fev., 19:00 – 21:00",,Eventos Google,https://www.sympla.com.br/evento/pnf-e-marcha-estrategias-para-a-pratica-clinica/3233796,false
074,Mega Show Bardok,Sem descricao disponivel.,21-03-2026,"Bardok - R. Antônio Carneiro, 122 - Jiquiá","sáb., 21 de mar., 20:00 – dom., 22 de mar., 01:00",,Eventos Google,https://www.sympla.com.br/evento/mega-show-bardok/3258303,false
075,Vigília da Quaresma 2026 em Recife-PE,Sem descricao disponivel.,21-03-2026,"Arena de Pernambuco - Avenida Deus é Fiel, 1 - Penedo","sáb., 21 de mar., 18:00 – dom., 22 de mar., 06:30",,Eventos Google,https://santoingresso.com/quaresma26,false
076,SUN DAY RUN,Sem descricao disponivel.,22-03-2026,"Shopping RioMar Recife - Av. República do Líbano, 251 - Pina","dom., 22 de mar., 05:30 – 10:00",,Eventos Google,https://www.perunning.com.br/events/sun-day-run-recife/,false
077,Agora É Que São Elas,Sem descricao disponivel.,14-03-2026,"Teatro RioMar Recife - Av. República do Líbano, 251 - Pina","sáb., 14 de mar., 18:00 – 21:00",,Eventos Google,https://www.viagogo.com/br/E-160047316,false
078,As Vozes Péricles e Ferrugem,Find tickets for Péricles with Ferrugem at Classic Hall in Olinda on 3/21/2026 at 9:00 PM,21-03-2026,"Classic Hall - Av. Gov. Agamenon Magalhães, S/N - Salgadinho","sáb., 21 de mar., 18:00 – dom., 22 de mar., 01:00",,Eventos Google,https://open.spotify.com/concert/6DAVJn1e5bgjfnvNo54YEX,false
079,IMERSÃO EM VENDAS - FORMANDO A TROPA DE ELITE DE VENDEDORES (Cópia),Sem descricao disponivel.,28-02-2026,"R. Hermógenes de Morais, 91 - Madalena","sáb., 28 de fev., 17:00 – 23:00",,Eventos Google,https://www.sympla.com.br/evento/imersao-em-vendas-formando-a-tropa-de-elite-de-vendedores-copia/3290444,false
080,Os Garotin,Ticket listings for Os Garotin at Teatro RioMar Recife in Recife on 03/07/2026,07-03-2026,"Teatro RioMar Recife - Av. República do Líbano, 251 - Pina","sáb., 7 de mar., 20:00 – 23:00",,Eventos Google,https://www.viagogo.com/Concert-Tickets/Rock-and-Pop/Os-Garotin-Tickets/E-159861254,false
081,3º ENCONTRO SINDHOSPE DA REGIÃO METROPOLITANA,Sem descricao disponivel.,25-02-2026,"Sindicato Hospitais Clin C Saúde Lb Pesq An Clin Est PE - R. Dom Vital, 129 - Santo Amaro","qua., 25 de fev., 09:00 – 17:00",,Eventos Google,https://www.sympla.com.br/evento/3-encontro-sindhospe-da-regiao-metropolitana/3282453,false
082,Baile Do Forrobodó - Mulheres Do Forró - 5° Edição,Sem descricao disponivel.,05-03-2026,"Círculo Militar do Recife - Av. Gov. Agamenon Magalhães, 2807 - Boa Vista","qui., 5 de mar., 20:00 – sex., 6 de mar., 02:00",,Eventos Google,https://shotgun.live/es/events/baile-do-forrobodo-mulheres-do-forro-5-edicao,false
083,GRANDE MANHÃ DE SOL EM HOMENAGEM AO DIA INTERNACIONAL DA MULHER,Sem descricao disponivel.,08-03-2026,"Clube das Pás - R. Odorico Mendes, 263 - Campo Grande","dom., 8 de mar., 12:00 – 22:00",,Eventos Google,https://www.sympla.com.br/grande-manha-de-sol-em-homenagem-ao-dia-internacional-da-mulher__3301138,false
084,Workshop Vision Board 2026,Sem descricao disponivel.,28-02-2026,"Bendito Momento Café e Coworking - R. Dom Manoel da Costa, 349 - Torre","sáb., 28 de fev., 15:00",,Eventos Google,https://www.sympla.com.br/evento/workshop-vision-board-2026/3246733,false
085,PAGODE 90S,Sem descricao disponivel.,07-03-2026,"Mansão da Matuta - R. do Bonfim, 82 - Carmo","sáb., 7 de mar., 16:00 – 22:00",,Eventos Google,https://www.sympla.com.br/pagode-90s__3304401,false
086,Open Day - Fevereiro | ABA Maple Bear Aflitos (24/02),Sem descricao disponivel.,24-02-2026,"Maple Bear Recife - Av. Conselheiro Rosa e Silva, 1510 - Aflitos","ter., 24 de fev., 14:00",,Eventos Google,https://www.sympla.com.br/evento/open-day-fevereiro-aba-maple-bear-aflitos-24-02/3295017,false
087,WORKSHOP TV E CINEMA,Sem descricao disponivel.,24-02-2026,"Hipérion Escola de Artes Dramáticas - Av. Norte Miguel Arraes de Alencar, 2608 - Encruzilhada","ter., 24 de fev., 14:00 – 21:00",,Eventos Google,https://www.sympla.com.br/workshop-tv-e-cinema__3279406,false
088,SIAVASCH - II Simpósio Norte/Nordeste de Enfermagem em Acesso Vascular para Hemodiálise,Sem descricao disponivel.,07-03-2026,"Centro de Eventos Recife - Av. Mal. Mascarenhas de Morais, 4861 - Imbiribeira","sáb., 7 de mar., 08:00 – dom., 8 de mar., 16:00",,Eventos Google,https://www.sympla.com.br/siavasch---ii-simposio-nortenordeste-de-enfermagem-em-acesso-vascular-para-hemodialise__3226018,false
089,ENCONTRO PARA CASAIS,Sem descricao disponivel.,23-02-2026,"Empresarial Isaac Newton - Av. Gov. Agamenon Magalhães, 4779 - Ilha do Leite","seg., 23 de fev., 19:00 – 21:00",,Eventos Google,https://www.sympla.com.br/evento/encontro-para-casais/3267512,false
090,Neurodivertidos - Uma comédia bem atípica (stand-up Comedy),Sem descricao disponivel.,27-02-2026,"Manguetown Comedy Club - Av. Conselheiro Aguiar, 4880 - Sala 34 - Boa Viagem","sex., 27 de fev., 20:30 – 22:00",,Eventos Google,https://www.sympla.com.br/neurodivertidos---uma-comdia-bem-atpica-stand-up-comedy__3299600,false
091,Do 0 a 30 Milhões,Sem descricao disponivel.,19-03-2026,"Mar Hotel Conventions - R. Barão de Souza Leão, 451 - TÉRREO - Boa Viagem","qui., 19 de mar., 18:00 – 21:00",,Eventos Google,https://www.sympla.com.br/do-0-a-30-milhoes__3273242,false
092,Novo formato - Design Croquete - Fevereiro 2026,Sem descricao disponivel.,26-02-2026,"Porto Digital - NGPD (Núcleo de Gestão do Porto Digital) - Cais do Apolo, 222 - Andar 16 - Recife","qui., 26 de fev., 13:00 – 20:00",,Eventos Google,https://www.designcroquete.com.br/informa-es-do-evento-e-registro/novo-formato-design-croquete-fevereiro-2026,false
093,Uma Beleza de Negócio,Sem descricao disponivel.,16-03-2026,"Fecomércio-PE - Av. Visc. de Suassuna, 265 - Santo Amaro","seg., 16 de mar., 13:00 – 17:00",,Eventos Google,https://www.sympla.com.br/evento/uma-beleza-de-negocio/3286299,false
094,Café da Manhã - Mulheres,Sem descricao disponivel.,28-02-2026,"IALTH - Instituto Aliança de Linguística, Teologia e Humanidades - R. Odon Rodrigues de Morais Rêgo, 20 - Várzea","sáb., 28 de fev., 09:30 – 10:30",,Eventos Google,https://www.sympla.com.br/cafe-da-manha-mulheres__3300098,false
095,Bailao Nerd - Recife (Ressaca de Carnaval),Sem descricao disponivel.,22-02-2026,"Estelita Bar - Av. Saturnino de Brito, 385 - Cabanga","sáb., 21 de fev., 22:00 – dom., 22 de fev., 04:00",,Eventos Google,https://www.sympla.com.br/evento/bailao-nerd-recife-ressaca-de-carnaval/3252373,false
096,Chá com a Condessa - 20mar26,Sem descricao disponivel.,20-03-2026,"Condomínio Edificio Internacional de Seguros - Praça Rio Branco, 18","sex., 20 de mar., 20:20",,Eventos Google,https://www.lendamistica.com.br/event-details/cha-com-a-condessa-20mar26-1,false
097,Formação em Branding - RECIFE,Sem descricao disponivel.,28-03-2026,"CESAR School - Prédio Brum - Avenida, Cais do Apolo, 77","sáb., 28 de mar., 09:00 – 17:00",,Eventos Google,https://www.sympla.com.br/formacao-em-branding-recife__3272886,false
098,Matheus Buente - O PROBLEMA É THEU (Stand-up comedy),Sem descricao disponivel.,20-03-2026,Barreto Júnior - R. Est. Jeremias Bastos - Pina,"sex., 20 de mar., 20:00 – 22:00",,Eventos Google,https://www.sympla.com.br/evento/matheus-buente-o-problema-e-theu-stand-up-comedy/3283011,false
099,R3 MAX - PERNAMBUCO,Sem descricao disponivel.,09-03-2026,Bugan Hotel Recife by Atlantica - Rua Professor Aloizio Pessoa 75 - Boa Viagem,"seg., 9 de mar., 14:00 – 17:00",,Eventos Google,https://www.sympla.com.br/r3-max---pernambuco__3286351,false
100,Seu Rodolpho | Mazo Melo 60 anos,Sem descricao disponivel.,28-02-2026,"Alma Arte Café - Ladeira da Misericórdia, 106 - Carmo","sáb., 28 de fev., 16:00 – 22:00",,Eventos Google,https://www.sympla.com.br/evento/seu-rodolpho-mazo-melo-60-anos/3291437,false
101,Método Raniiere Santtos,Sem descricao disponivel.,07-03-2026,"Radisson Hotel Recife - Av. Boa Viagem, 1906 - Boa Viagem","sáb., 7 de mar., 08:00",,Eventos Google,https://www.sympla.com.br/evento/metodo-raniiere-santtos/3125770,false
102,Phornax,Find tickets for Phornax at Warehouse 14 Itaipava's in Recife on 3/26/2026 at 8:00 PM,26-03-2026,"Armazém 14 - Av. Alfredo Lisboa, s/n - Recife","qui., 26 de mar., 20:00 – sex., 27 de mar., 00:00",,Eventos Google,https://open.spotify.com/concert/2denN1idUY1eorL3UXxCSY,false
103,Candlelight: O Melhor de Vivaldi,Sem descricao disponivel.,28-03-2026,"Teatro RioMar Recife - Av. República do Líbano, 251 - Pina","sáb., 28 de mar., 18:00",,Eventos Google,https://feverup.com/m/127585,false
104,RESSACA DO QUAL A BOA - JOÃO DO MORRO - JUNIOR SANTOS - DREAD,Sem descricao disponivel.,08-03-2026,"Qual a boa?! - Boteco - R. Francisco Bezerra Monteiro, 198 - Engenho do Meio","dom., 8 de mar., 13:00 – 23:45",,Eventos Google,https://www.sympla.com.br/ressaca-do-qual-a-boa-joao-do-morro-junior-santos-dread__3299903,false
105,Curso de Energia Solar em Recife PE nos dias 06/03 e 07/03/2026,Sem descricao disponivel.,06-03-2026,"Auditórios Recife - R. Buenos Aires, 80 - Espinheiro","sex., 6 de mar., 08:30 – sáb., 7 de mar., 18:00",,Eventos Google,https://www.sympla.com.br/evento/curso-de-energia-solar-em-recife-pe-dias-06-03-e-07-03-2026/3042554,false
106,Características e Especificação de Inversores de Frequência,Sem descricao disponivel.,26-02-2026,"KGMlan Distribuidora - Av. Mal. Mascarenhas de Morais, 841 - Imbiribeira","qui., 26 de fev., 09:00 – 15:00",,Eventos Google,https://www.sympla.com.br/evento/caracteristicas-e-especificacao-de-inversores-de-frequencia/3290334,false
107,ENTRE PILARES - Edição Mulheres - Saúde Integral & Empreendedorismo,Sem descricao disponivel.,10-03-2026,"Sebrae - Recife - R. Tabaiares, 360 - Ilha do Retiro","ter., 10 de mar., 14:00 – 17:30",,Eventos Google,https://www.sympla.com.br/evento/entre-pilares-edicao-mulheres-saude-integral-empreendedorismo/3287290,false
108,Prêmio Movimento Econômico - Cerimônia de Entrega,Sem descricao disponivel.,18-03-2026,"Riomar Trade Center 4 e 5 - Av. República do Líbano, 256 - Pina","qua., 18 de mar., 18:30 – 22:00",,Eventos Google,https://www.sympla.com.br/evento/premio-movimento-economico-cerimonia-de-entrega/3301350,false
109,WORKSHOP GESTÃO EFICAZ,Sem descricao disponivel.,21-03-2026,"Empresarial Isaac Newton - Av. Gov. Agamenon Magalhães, 4779 - Ilha do Leite","sáb., 21 de mar., 09:00 – 21:00 BRT",,Eventos Google,https://www.sympla.com.br/evento/workshop-gestao-eficaz/3284428,false
110,Candlelight: Coldplay x Imagine Dragons,Sem descricao disponivel.,28-03-2026,"Teatro RioMar Recife - Av. República do Líbano, 251 - Pina","sáb., 28 de mar., 20:00 BRT",,Eventos Google,https://feverup.com/m/160526,false
111,Pagode na Ladeira: Vem pro Agito,Sem descricao disponivel.,14-03-2026,"Mansão da Matuta - R. do Bonfim, 82 - Carmo","sáb., 14 de mar., 14:00 – 22:00",,Eventos Google,https://www.sympla.com.br/evento/pagode-na-ladeira-vem-pro-agito/3304404,false
112,METRÓPOLE EXPERIENCE,Sem descricao disponivel.,22-02-2026,"Club Metrópole - R. das Ninfas, 125 - Boa Vista","sáb., 21 de fev., 22:00 – dom., 22 de fev., 06:00",,Eventos Google,https://www.sympla.com.br/evento/metropole-experience/3291155,false
113,8º Congresso Orthoregen - Recife 2026,Sem descricao disponivel.,11-03-2026,"Shopping RioMar Recife - Av. República do Líbano, 251 - Pina","qua., 11 de mar., 08:00 – sáb., 14 de mar., 17:00",,Eventos Google,https://www.orthoregen.com.br/events/8-congresso-orthoregen-recife-2026,false
114,"FPTECX - FORMAÇÃO DE PALESTRANTES, ORATÓRIA E COMUNICAÇÃO",Sem descricao disponivel.,04-03-2026,"R. Hermógenes de Morais, 91 - Madalena","4 de mar., 22:30 – 26 de mar., 00:30",,Eventos Google,https://www.sympla.com.br/evento/fptecx-formacao-de-palestrantes-oratoria-e-comunicacao/3290259,false
115,GYM RUN 2026,Sem descricao disponivel.,01-03-2026,"Academia Gym Fit Cordeiro - Av. Inácio Monteiro, 655 - Torrões","dom., 1 de mar., 06:00 – 11:00",,Eventos Google,https://www.perunning.com.br/events/gym-run-2026/,false
116,Encontro Mulheres Guerreiras,Sem descricao disponivel.,28-03-2026,"Centro de Convenções de Pernambuco - Av. Prof. Andrade Bezerra, s/n - Salgadinho","sáb., 28 de mar., 14:00 – 20:00",,Eventos Google,https://www.sympla.com.br/encontro-mulheres-guerreiras__3291842,false
117,Tierramystica,Find tickets for Tierramystica at Warehouse 14 Itaipava's in Recife on 3/26/2026 at 6:00 PM,26-03-2026,"Armazém 14 - Av. Alfredo Lisboa, s/n - Recife","qui., 26 de mar., 18:00 – 22:00",,Eventos Google,https://open.spotify.com/concert/6HfIbNj2MuzPcurnuc36OI,false
118,Mulheres Posicionadas. Déboras 10 Anos,Sem descricao disponivel.,19-03-2026,"Teatro Guararapes, Centro de Convenções de Pernambuco - Av. Prof. Andrade Bezerra, S/N - Salgadinho","qui., 19 de mar., 18:00",,Eventos Google,https://cecontickets.com.br/mulheres-posicionadas-deboras-10-anos__3452,false
119,JOB com Bianca Bin e Edson Fieschi,Sem descricao disponivel.,13-03-2026,Teatro de Santa Isabel - Praça da República - Santo Antônio,"sex., 13 de mar., 20:00 – dom., 15 de mar., 17:00",,Eventos Google,https://bileto.sympla.com.br/event/115872,false
120,WE ARE WOMEN 2026,Sem descricao disponivel.,01-03-2026,"Parque Dona Lindu - Av. Boa Viagem, s/n - Boa Viagem","dom., 1 de mar., 06:00 – 10:00",,Eventos Google,https://www.perunning.com.br/events/we-are-women-2026/,false
121,CURSO PRÁTICO DE USUCAPIÃO EXTRAJUDICIAL - TURMA III,Sem descricao disponivel.,28-02-2026,"Villa Park Hotel - Recife - Av. João de Barros, 886 - Soledade","sáb., 28 de fev., 08:00 – 18:00",,Eventos Google,https://www.sympla.com.br/evento/curso-pratico-de-usucapiao-extrajudicial-turma-iii/3266664,false
122,Implementando Soluções de Segurança com o Gerador de Neblina Bycon One,Sem descricao disponivel.,24-02-2026,"KGMlan Distribuidora - Av. Mal. Mascarenhas de Morais, 841 - Imbiribeira","ter., 24 de fev., 09:00 – 17:00",,Eventos Google,https://www.sympla.com.br/evento/implementando-solucoes-de-seguranca-com-o-gerador-de-neblina-bycon-one/3290326,false
123,Palestra: A Ordem DeMolay no Brasil e sua Relação com a Maçonaria,Sem descricao disponivel.,28-02-2026,"Grande Loja Maçônica de Pernambuco - R. da União, 88A - Boa Vista","sáb., 28 de fev., 15:00 – 17:00",,Eventos Google,https://www.sympla.com.br/palestra-a-ordem-demolay-no-brasil-e-sua-relacao-com-a-maconaria__3292515,false
124,Curso de Prática Criminal - Turma 16,Sem descricao disponivel.,28-02-2026,"R. Ribeiro de Brito, 830 - Boa Viagem","sáb., 28 de fev., 12:00 – 19:00",,Eventos Google,https://www.sympla.com.br/evento/curso-de-pratica-criminal-turma-16/3260096,false
125,Feira EducationUSA Brasil 2026 - Recife,Sem descricao disponivel.,21-03-2026,"Mar Hotel Conventions - R. Barão de Souza Leão, 451 - TÉRREO - Boa Viagem","sáb., 21 de mar., 15:00 – 18:00",,Eventos Google,https://www.eventbrite.com/e/feira-educationusa-brasil-2026-recife-tickets-1970549576830,false
126,TIAGOS - SANTINELI E SATURNO,Sem descricao disponivel.,29-03-2026,"Cine-Teatro Samuel Campelo - Praça Nossa Sra. do Rosário, 510 - Centro","dom., 29 de mar., 19:00",,Eventos Google,https://www.sympla.com.br/evento/tiagos-santineli-e-saturno/2888763,false
127,EXPORENOVÁVEIS 2026,Sem descricao disponivel.,03-03-2026,"Centro Cultural Cais do Sertão - Armazen 10, Av. Alfredo Lisboa, s/n - Recife","ter., 3 de mar., 14:00 – qui., 5 de mar., 19:00",,Eventos Google,https://www.sympla.com.br/evento/exporenovaveis-2026/3289922,false
128,Hot Topics em Endocrinologia - 2026,Sem descricao disponivel.,13-03-2026,"R. Barão de Souza Leão, 451 - Boa Viagem","sex., 13 de mar., 11:00 – sáb., 14 de mar., 19:00",,Eventos Google,https://www.sympla.com.br/hot-topics-em-endocrinologia-2026__3293644,false
129,SHOW DE TESTS DO MIRANHA,Sem descricao disponivel.,07-03-2026,"Copinos sorveteria e lanchonete - ÁREA DE LAZER, 18 - Cruz de Rebouças","sáb., 7 de mar., 19:00 – 20:00",,Eventos Google,https://www.sympla.com.br/teste-de-piadas-do-miranha__3296107,false
130,CURSO DE TÉCNICAS DE APLICAÇÃO DE INJETÁVEIS COM ELISABETE REGINA,Sem descricao disponivel.,14-03-2026,"INETEP CURSOS - R. do Riachuelo, n° 529 - Boa Vista","sáb., 14 de mar., 09:00 – dom., 15 de mar., 12:00",,Eventos Google,https://www.sympla.com.br/evento/curso-de-tecnicas-de-aplicacao-de-injetaveis-com-elisabete-regina/3285205,false
131,Simpósio Internacional BEAUTYREGEN 2026,Sem descricao disponivel.,13-03-2026,"Shopping RioMar Recife - Av. República do Líbano, 251 - Pina","sex., 13 de mar., 08:00 – sáb., 14 de mar., 16:00",,Eventos Google,https://www.orthoregen.com.br/events/simposio-internacional-beautyregen-2026,false
132,DESAFIO FACA NO TÊNIS,Sem descricao disponivel.,29-03-2026,Casa de Maria Amazonas - Vila da Fabrica,"dom., 29 de mar., 04:15 – 12:00",,Eventos Google,https://www.perunning.com.br/event-location/camaragibe-praca-maria-amazonas/,false
133,Técnicas de Sutura na Medicina Veterinária: Fundamentos e Prática,Sem descricao disponivel.,21-03-2026,"UNINASSAU Graças - Bloco A - R. Guilherme Pinto, 114 - Graças","sáb., 21 de mar., 08:00 – 17:00",,Eventos Google,https://www.sympla.com.br/tecnicas-de-sutura-na-medicina-veterinaria-fundamentos-e-pratica__3302404,false
134,CLTRETA! Show Descorporativo po Tiago Saturno e Bruno Alves (stand-up comedy),Sem descricao disponivel.,28-02-2026,"Manguetown Comedy Club - Av. Conselheiro Aguiar, 4880 - Sala 34 - Boa Viagem","sáb., 28 de fev., 20:30 – 22:00",,Eventos Google,https://www.sympla.com.br/cltreta-show-descorporativo-po-tiago-saturno-e-bruno-alves-stand-up-comedy__3299604,false
135,4º Scoliosis Day,Sem descricao disponivel.,27-03-2026,"Recife Expo Center - Cais Santa Rita, 446 - São José","sex., 27 de mar., 08:00 – sáb., 28 de mar., 00:18",,Eventos Google,https://www.even3.com.br/4-scoliosis-day-625159/,false
136,Experiência Verda [+] Inovação Social e ESG,Sem descricao disponivel.,27-02-2026,"Moinho Recife Business & Life - R. de São Jorge, 240 - Recife","sex., 27 de fev., 08:00 – 18:00",,Eventos Google,https://www.sympla.com.br/experiencia-verda-inovacao-social-e-esg__3250187,false
137,I Fórum de Mulheres Empreendedoras do Litoral Norte,Sem descricao disponivel.,12-03-2026,"SENAC Paulista - R. Oitenta e Dois, 30 - Jardim Paulista","qui., 12 de mar., 18:00 – 22:00",,Eventos Google,https://www.sympla.com.br/evento/i-forum-de-mulheres-empreendedoras-do-litoral-norte/3267101,false
138,AUventura & Arte,Sem descricao disponivel.,07-03-2026,"Oficina Francisco Brennand, Propriedade Santos Cosme e Damião - R. Diogo de Vasconcelos, S/N - Várzea","sáb., 7 de mar., 08:30 – 12:00",,Eventos Google,https://www.caomigo.com.br/event-details/auventura-arte,false
139,"Cannabis Medicinal: Evidências Científicas, Prescrição e Legislação no Brasil e no Mundo",Sem descricao disponivel.,14-03-2026,"Edf. Luciano Costa - R. Dona Maria César, 170","sáb., 14 de mar., 08:07 – 17:00",,Eventos Google,https://www.sympla.com.br/cannabis-medicinal-evidencias-cientificas-prescricao-e-legislacao-no-brasil-e-no-mundo__3256425,false
140,"MAPAA - Curso de USG - Monitoramento, Avaliação, Punção de Acesso Arteriovenoso",Sem descricao disponivel.,06-03-2026,"Centro de Eventos Recife - Av. Mal. Mascarenhas de Morais, 4861 - Imbiribeira","sex., 6 de mar., 08:00 – 18:00",,Eventos Google,https://www.sympla.com.br/mapaa-curso-de-usg-monitoramento-avaliacao-puncao-de-acesso-arteriovenoso__3254985,false
141,POWER TREINE (PE) - Proteção e Seletividade em Projetos de Média Tensão e Geração Distribuída,Sem descricao disponivel.,14-03-2026,"Hotel Atlante Plaza - Av. Boa Viagem, 5426 - 15º andar - Boa Viagem","sáb., 14 de mar., 09:00 – dom., 15 de mar., 18:00",,Eventos Google,https://www.sympla.com.br/power-treine-pe-protecao-e-seletividade-em-projetos-de-media-tensao-e-geracao-distribuida__3296679,false
142,2ª CORRIDA DE ANIVERSÁRIO ÁGUIAS EM MOVIMENTO,Sem descricao disponivel.,22-03-2026,"Farmácia Cosme e Damião - R. Dom Antônio de Macedo, 59 - Várzea","dom., 22 de mar., 06:30 – 11:00",,Eventos Google,https://www.perunning.com.br/events/2a-corrida-de-aniversario-aguias-em-movimento/,false
143,Imersão Videomaker Lucrativo 7 - 07/03/2026,Sem descricao disponivel.,07-03-2026,"Riomar Trade Center 4 e 5 - Av. República do Líbano, 256 - Pina","sáb., 7 de mar., 09:00 – 18:00",,Eventos Google,https://www.sympla.com.br/imersao-videomaker-lucrativo-7-07-03-2026__3275410,false
144,AULÃO FITDANCE COLORS 2026,Sem descricao disponivel.,21-03-2026,"Arena Viva Eventus - Av. Dr. Belminio Correia, 449 - Nazaré","sáb., 21 de mar., 14:30 – 16:30",,Eventos Google,https://www.sympla.com.br/evento/aulao-fitdance-colors-2026/3288337,false
145,Formação Profissional em Inteligência Artificial (Cópia),Sem descricao disponivel.,25-02-2026,"Espaço fivestar - R. Hermógenes de Morais, 91 - Madalena","qua., 25 de fev., 18:00 – 21:00",,Eventos Google,https://www.sympla.com.br/formacao-profissional-em-inteligencia-artificial-copia__3286111,false
146,Capacitação em Arteterapia na Clínica da Criança,Sem descricao disponivel.,28-03-2026,"Colégio Maria Tereza - R. Barão de Souza Leão, 1647 - Boa Viagem","sáb., 28 de mar., 09:00 – dom., 29 de mar., 17:00",,Eventos Google,https://www.sympla.com.br/evento/capacitacao-em-arteterapia-na-clinica-da-crianca/3239990,false
147,Mundo fantástico dos dinossauros,Sem descricao disponivel.,15-03-2026,Barreto Júnior - R. Est. Jeremias Bastos - Pina,"dom., 15 de mar., 16:00 – 17:00",,Eventos Google,https://www.sympla.com.br/mundo-fantastico-dos-dinossauros__3280515,false
148,"Flávio Andradde e Cinderela em: Toda Cidade Tem | Paudalho, PE",Sem descricao disponivel.,20-03-2026,"CineTeatro Marco Camarotti - R. Raul Bandeira, 162","sex., 20 de mar., 20:30 – 22:00",,Eventos Google,https://www.sympla.com.br/evento/flavio-andradde-e-cinderela-em-toda-cidade-tem-paudalho-pe/3292177,false
149,Imposto de Renda e Inteligência Financeira - Na Prática,Sem descricao disponivel.,28-02-2026,"R. Cláudio Brotherhood, 116 - Cordeiro","sáb., 28 de fev., 11:30 – 15:00",,Eventos Google,https://www.sympla.com.br/imposto-de-renda-e-inteligencia-financeira-na-pratica__3295444,false
150,CORRIDA DA MULHER PERNAMBUCANA,Sem descricao disponivel.,06-03-2026,"Universidade Federal de Pernambuco - Av. Prof. Moraes Rego, 1235 - Cidade Universitária","sex., 6 de mar., 06:00 – 10:00",,Eventos Google,https://www.perunning.com.br/events/corrida-da-mulher-pernambucana/,false
151,PALESTRA ALTA PERFORMANCE FINANCEIRA,Sem descricao disponivel.,03-03-2026,"Empresarial Isaac Newton - Av. Gov. Agamenon Magalhães, 4779 - Ilha do Leite","ter., 3 de mar., 19:00 – 21:00",,Eventos Google,https://www.sympla.com.br/palestra-alta-performance-financeira__3300359,false
152,Leão Do Norte Tattoo Expo #6,Sem descricao disponivel.,07-03-2026,"Castellos Recepções e Eventos - Rod. Br-101 Sul, Km 107 - s/n - Mercês","sáb., 7 de mar. – dom., 8 de mar.",,Eventos Google,https://inkppl.com/ko/tattooevents/2026/march-2026/leao-do-norte-tattoo-expo-6,false
153,Março Verão Águia Mania DOM 01/03 (Individual),Sem descricao disponivel.,01-03-2026,Parque Aquático Águia American Club - Rod. Governador Mário Covas - Pirapama,"dom., 1 de mar., 09:00 – 17:00",,Eventos Google,https://www.sympla.com.br/evento/marco-verao-aguia-mania-dom-01-03-individual/3289405,false
154,"Skincare na Prática - como pensar, indicar e orientar skincare",Sem descricao disponivel.,07-03-2026,"Mar Hotel Conventions - R. Barão de Souza Leão, 451 - TÉRREO - Boa Viagem","sáb., 7 de mar., 08:00 – 18:00",,Eventos Google,https://www.sympla.com.br/skincare-na-pratica-como-pensar-indicar-e-orientar-skincare__3266773,false
155,"Curso de formação de licenciados Prolpé - 06, 08 e 08 de Março de 2026 de 8:30 às 17:30.",Sem descricao disponivel.,06-03-2026,"Fisioclínica Physio Center - Rua Luiz Guimarães, 153 - Poço da Panela","sex., 6 de mar., 08:30 – dom., 8 de mar., 17:30",,Eventos Google,https://www.sympla.com.br/curso-de-formacao-de-licenciados-prolpe-06-08-e-08-de-marco-de-2026-de-8-30-as-17-30__3302157,false
156,"Comediano, a comédia do cotidiano (Jaboatão)",Sem descricao disponivel.,22-03-2026,"Cine-Teatro Samuel Campelo - Praça Nossa Sra. do Rosário, 510 - Centro","dom., 22 de mar., 18:30 – 20:00",,Eventos Google,https://www.sympla.com.br/evento/comediano-a-comedia-do-cotidiano-jaboatao/3279737,false
157,Radiologia em Pets Não Convencionais,Sem descricao disponivel.,28-03-2026,"Atuale Atualização Veterinária - R. Padre Giordano, 169 - Boa Viagem","sáb., 28 de mar., 08:00 – dom., 29 de mar., 18:00",,Eventos Google,https://www.atualevet.com.br/events/radiologia-em-pets-nao-convencionais,false
158,"Harmonia na Neurodiversidade: Imersão Presencial Compreender, Acolher e Pertencer",Sem descricao disponivel.,28-02-2026,"Beach Class Convention by MAI - R. Maria Carolina, 661 - Boa Viagem","sáb., 28 de fev., 08:00 – 18:00",,Eventos Google,https://www.sympla.com.br/harmonia-na-neurodiversidade-imersao-presencial-compreender-acolher-e-pertencer__3286482,false
159,IMERSÃO IDE - DESENVOLVIMENTO HUMANO,Sem descricao disponivel.,28-02-2026,"Rua Tabaiares, 360","sáb., 28 de fev., 09:00 – 17:30",,Eventos Google,https://www.sympla.com.br/imersao-ide-desenvolvimento-humano__3298447,false
160,I Workshop INCT NeuroComp,Sem descricao disponivel.,04-03-2026,"Departamento de Física - UFPE - Av. Jorn. Aníbal Fernandes, s/n - Cidade Universitária","qua., 4 de mar., 08:30 – sex., 6 de mar., 00:12",,Eventos Google,https://www.even3.com.br/i-workshop-inct-neurocomp-691142/,false
161,Caminho do Falcão - Comunicação e Liderança Sistêmica - Turma 15,Sem descricao disponivel.,14-03-2026,"Beach Class Convention by MAI - R. Maria Carolina, 661 - Boa Viagem","sáb., 14 de mar., 08:30 – dom., 15 de mar., 18:30",,Eventos Google,https://www.sympla.com.br/caminho-do-falcao-comunicacao-e-lideranca-sistemica-turma-15__3255289,false
162,Fevereiro Verão Águia Mania SÁB 28/02 (Individual),Sem descricao disponivel.,28-02-2026,Parque Aquático Águia American Club - Rod. Governador Mário Covas - Pirapama,"sáb., 28 de fev., 09:00 – 17:00",,Eventos Google,https://www.sympla.com.br/evento/fevereiro-verao-aguia-mania-sab-28-02-individual/3289401,false
163,CORRIDA DOS ANIVERSARIANTES,Sem descricao disponivel.,01-03-2026,"Praça da Paixão de Cristo - R. Sessenta e Seis, 6","dom., 1 de mar., 06:00 – 10:00",,Eventos Google,https://www.perunning.com.br/events/corrida-dos-aniversariantes-fev-2026/,false
164,Imersão curativa do fluxo feminino,Sem descricao disponivel.,14-03-2026,"Studium Saúde Bem Estar - R. Áureliano Artur Soares Quintas, 68 - Janga","sáb., 14 de mar., 09:30 – 12:30",,Eventos Google,https://www.sympla.com.br/imersao-curativa-do-fluxo-feminino__3288385,false
165,Curso Síndico Profissional-UCR Março,Sem descricao disponivel.,14-03-2026,"Qualiport Torre de Monitoramento | Portaria Remota - Av. Montevidéu, 145 - Boa Vista","sáb., 14 de mar., 08:00 – dom., 15 de mar., 18:00",,Eventos Google,https://www.sympla.com.br/evento/curso-sindico-profissional-ucr-marco/3302139,false
166,CIRCUITO DAS ESTAÇÕES 2026 - ETAPA OUTONO,Sem descricao disponivel.,22-03-2026,Museu Militar do Forte do Brum - Praça da Comunidade Luso Brasileira - Recife,"dom., 22 de mar., 06:00 – 10:00",,Eventos Google,https://www.perunning.com.br/events/circuito-das-estacoes-2026-etapa-outono/,false
167,II Escola de Verão em Bioquímica e Biotecnologia,Sem descricao disponivel.,23-02-2026,DBioq - Departamento de Bioquímica - UFPE - Rod. Governador Mário Covas - Cidade Universitária,"seg., 23 de fev., 08:00 – sáb., 28 de fev., 00:17",,Eventos Google,https://www.even3.com.br/evbbufpe2025-641792/,false
168,II Simpósio de Reabilitação Intensiva e Cuidados Paliativos,Sem descricao disponivel.,27-03-2026,"Mar Hotel Conventions - R. Barão de Souza Leão, 451 - TÉRREO - Boa Viagem","sex., 27 de mar., 08:00 – sáb., 28 de mar., 00:12",,Eventos Google,https://www.even3.com.br/ii-simposio-de-reabilitacao-intensiva-e-cuidados-paliativos-673742/,false
169,Fevereiro Verão Águia Mania SEX 27/02 (Individual),Sem descricao disponivel.,27-02-2026,Parque Aquático Águia American Club - Rod. Governador Mário Covas - Pirapama,"sex., 27 de fev., 09:00 – 17:00",,Eventos Google,https://www.sympla.com.br/evento/fevereiro-verao-aguia-mania-sex-27-02-individual/3289397,false
170,WOLF RUN 2026,Sem descricao disponivel.,22-03-2026,"Wolf CrossBox - R. Antônio Ferreira Campos, 5171 - Candeias","dom., 22 de mar., 05:30 – 11:00",,Eventos Google,https://www.perunning.com.br/events/wolf-run-2026/,false
171,2º DESAFIO DO MONTE,Sem descricao disponivel.,01-03-2026,Parque Histórico Nacional dos Guararapes - Ladeira Montes dos Guararapes,"dom., 1 de mar., 05:30 – 11:00",,Eventos Google,https://www.perunning.com.br/events/2o-desafio-do-monte/,false
172,FESTIVAL DAS CORES ITA RUN,Sem descricao disponivel.,22-03-2026,"Praça de Jaguaribe - Av. Benígno Cordeiro Galvão, 445 - Jaguaribe","dom., 22 de mar., 06:00 – 12:00",,Eventos Google,https://www.perunning.com.br/events/festival-das-cores-ita-run/,false
173,3ª Meia Maratona Olinda Run 21k,Sem descricao disponivel.,01-03-2026,Praça do Jacaré - Av. Sigismundo Gonçalves - Varadouro,"dom., 1 de mar., 05:30 – 13:00",,Eventos Google,https://www.ticketsports.com.br/e/3-meia-maratona-olinda-run-21k-74685,false
174,Tom Jobim Musical,"Ticket listings for Tom Jobim Musical at Teatro Guararapes in Olinda, PE on 15/03/2026",15-03-2026,"Teatro Guararapes, Centro de Convenções de Pernambuco - Av. Prof. Andrade Bezerra, S/N - Salgadinho","dom., 15 de mar., 19:00 – 22:00",,Eventos Google,https://www.viagogo.com/au/Theatre-Tickets/Musicals/Tom-Jobim-Musical-Tickets/E-160426031,false
175,Imersão Imersão de Respiração e Apneia para Surfistas,Sem descricao disponivel.,07-03-2026,"Arena Beach Club - Avenida Jarbas Jamerson do Rêgo, s/n - Enseada dos Corais","sáb., 7 de mar., 08:15 – dom., 8 de mar., 13:00",,Eventos Google,https://www.sympla.com.br/evento/imersao-imersao-de-respiracao-e-apneia-para-surfistas/3268905,false
176,CORRIDA DO ANO 2026,Sem descricao disponivel.,15-03-2026,Orla do Janga - Janga,"dom., 15 de mar., 06:00 – 11:00",,Eventos Google,https://www.perunning.com.br/events/corrida-do-ano-2026/,false
177,Rodrigo Marques - História de Pescador,Sem descricao disponivel.,27-02-2026,"Teatro Guararapes, Centro de Convenções de Pernambuco - Av. Prof. Andrade Bezerra, S/N - Salgadinho","sex., 27 de fev., 21:00",,Eventos Google,https://cecontickets.com.br/rodrigo-marques-historia-de-pescador__3404,false
178,SAMBAY RECIFE | 14 de março,Sem descricao disponivel.,14-03-2026,"Clube Atlântico Olindense - Av. Sigismundo Gonçalves, 1002 - Carmo","sáb., 14 de mar., 22:00",,Eventos Google,https://www.sympla.com.br/evento/sambay-recife-14-de-marco/3150935,false
179,Nu metal experience tour em Recife/PE,Sem descricao disponivel.,28-02-2026,"Estelita Bar - Av. Saturnino de Brito, 385 - Cabanga","sáb., 28 de fev., 22:00 – dom., 1 de mar., 03:00",,Eventos Google,https://www.sympla.com.br/evento/nu-metal-experience-tour-em-recife-pe/3233477,false
180,Osteologia do Crânio em 3D: Workshop Multidisciplinar,Sem descricao disponivel.,14-03-2026,"Departamento De Anatomia Da UFPE - Av. da Engenharia, 185-297 - Cidade Universitária","sáb., 14 de mar., 08:00 – 15:00 BRT",,Eventos Google,https://www.eventbrite.com.br/e/osteologia-do-cranio-em-3d-workshop-multidisciplinar-tickets-1757982746719,false
181,ATOMOS OPEN AIR,Sem descricao disponivel.,15-03-2026,"Granja Vista Alegre - 806, R. Nova Olinda, 770 - Sítio dos Marcos","dom., 15 de mar., 21:00 BRT",,Eventos Google,https://outgo.com.br/atomos-openn-air?direct=true,false
182,Meia Maratona do Recife,Sem descricao disponivel.,08-03-2026,"Aeroporto Internacional do Recife/Guararapes - Gilberto Freyre - Praça Min. Salgado Filho, s/n - Imbiribeira","dom., 8 de mar., 00:00 BRT",,Eventos Google,https://www.ahotu.com/pt-BR/calendario/corrida/10-km/marco/brasil/pernambuco,false
183,2000 MUSIC FESTIVAL - NACIONAL (EDIÇÃO RECIFE),Sem descricao disponivel.,07-03-2026,"Estelita Bar - Av. Saturnino de Brito, 385 - Cabanga","sáb., 7 de mar., 22:00 – dom., 8 de mar., 04:00",,Eventos Google,https://www.sympla.com.br/evento/2000-music-festival-nacional-edicao-recife/3261908,false
184,Worst (Sp) Em Recife,Sem descricao disponivel.,14-03-2026,"Darkside studio - R. Barão de São Borja, 89 - Soledade","sáb., 14 de mar., 21:00 – dom., 15 de mar., 03:00",,Eventos Google,https://shotgun.live/en/events/worst-sp-em-recife,false
185,DISCOTECA OLD HITS* A 1ª DO ANO // Onde o passado vira presente!!!,Sem descricao disponivel.,14-03-2026,"Laguna recepções - R. de Apipucos, 1031 - Apipucos","sáb., 14 de mar., 21:00 – dom., 15 de mar., 04:00",,Eventos Google,https://www.sympla.com.br/evento/discoteca-old-hits-a-1a-do-ano-onde-o-passado-vira-presente/3275292,false
186,Beco's Apresenta: Niink Em Recife,Sem descricao disponivel.,28-03-2026,"Estelita Bar - Av. Saturnino de Brito, 385 - Cabanga","sáb., 28 de mar., 21:00 – dom., 29 de mar., 03:00",,Eventos Google,https://shotgun.live/en/events/beco-s-apresenta-niink-em-recife,false
187,Nando Cordel – De Volta Pro Aconchego,Ticket listings for Nando Cordel – De Volta Pro Aconchego at Teatro RioMar Recife in Recife on 03/22/2026,22-03-2026,"Teatro RioMar Recife - Av. República do Líbano, 251 - Pina","dom., 22 de mar., 21:00 – seg., 23 de mar., 00:00",,Eventos Google,https://www.viagogo.com/Concert-Tickets/Rap-and-Hip-Hop-Music/Nando-Cordel-Tickets/E-160049241,false
188,Stravaganza Musicale: Festival Independente de Música Clássica | 18.MAR - Quarta,Sem descricao disponivel.,18-03-2026,Teatro de Santa Isabel - Praça da República - Santo Antônio,"qua., 18 de mar.",,Eventos Google,https://www.guicheweb.com.br/stravaganza-musicale-festival-independente-de-musica-classica--18mar-quarta_49923,false
189,Stravaganza Musicale: Festival Independente de Música Clássica | 19.MAR - Quinta,Sem descricao disponivel.,19-03-2026,Teatro de Santa Isabel - Praça da República - Santo Antônio,"qui., 19 de mar.",,Eventos Google,https://www.guicheweb.com.br/stravaganza-musicale-festival-independente-de-musica-classica--19mar-quinta_49924,false
190,II Conferência de Saúde Mental,Sem descricao disponivel.,28-03-2026,"Hotel Jangadeiro - Av. Boa Viagem, 3114 - Boa Viagem","sáb., 28 de mar.",,Eventos Google,https://doity.com.br/iiconferencia,false
191,"ROTAS convida OBEKA, NORA e FORTUNATO",Sem descricao disponivel.,14-03-2026,"Estelita Bar - Av. Saturnino de Brito, 385 - Cabanga","sáb., 14 de mar., 23:00 – dom., 15 de mar., 05:00",,Eventos Google,https://www.sympla.com.br/evento/rotas-convida-obeka-nora-e-fortunato/3281005,false
192,Carnaval Industrial,Sem descricao disponivel.,27-02-2026,"IRAQ - R. do Sossego, 179 - Santo Amaro","sex., 27 de fev., 22:00 – sáb., 28 de fev., 06:00",,Eventos Google,https://shotgun.live/events/carnaval-industrial-26,false
193,MP Recebe: A experiência do MP no Tribunal do Júri,Sem descricao disponivel.,12-03-2026,"Centro Cultural Rossini Alves Couto - 887 050, R. do Hospício, 849 - Boa Vista","qui., 12 de mar.",,Eventos Google,https://doity.com.br/mp-recebe-a-experiencia-do-mp-no-tribunal-do-juri,false
194,IFPE Assombrado,Sem descricao disponivel.,27-02-2026,"Instituto Federal de Pernambuco - Av. Prof. Luiz Freire, 500 - Cidade Universitária","sex., 27 de fev.",,Eventos Google,https://www.even3.com.br/ifpe-assombrado-685809/,false
195,"Cidade Negra, Cidade Negra",Find tickets for Cidade Negra with Cidade Negra at recife in Recife on 3/20/2026 at 10:00 PM,20-03-2026,"Aeroporto Internacional do Recife/Guararapes - Gilberto Freyre - Praça Min. Salgado Filho, s/n - Imbiribeira","sex., 20 de mar., 22:00 – sáb., 21 de mar., 02:00",,Eventos Google,https://open.spotify.com/concert/0YRby9FfKQUhT51jieNTFw,false
196,LEVANTE FEST APRESENTA: MATANZA RITUAL + DEAD FISH + SWITCH STANCE EM RECIFE,Sem descricao disponivel.,22-03-2026,"Armazém 14 - Av. Alfredo Lisboa, s/n - Recife","dom., 22 de mar.",,Eventos Google,https://www.last.fm/music/Malvina/+events,false
197,Freedom Fighters,Find tickets for Freedom Fighters at Granja Vista Alegre in Igarassu on 3/15/2026 at 9:00 PM,15-03-2026,"Granja Vista Alegre - 806, R. Nova Olinda, 770 - Sítio dos Marcos","dom., 15 de mar., 21:00 – seg., 16 de mar., 01:00",,Eventos Google,https://open.spotify.com/concert/6DncB3EjjcpSt83BqM8Otq,false
198,Maratona Internacional do Frevo,Sem descricao disponivel.,29-03-2026,"Aeroporto Internacional do Recife/Guararapes - Gilberto Freyre - Praça Min. Salgado Filho, s/n - Imbiribeira","dom., 29 de mar.",,Eventos Google,https://www.ahotu.com/pt-BR/calendario/corrida/maratona/marco/brasil/pernambuco,false
199,2º CIRCUITO VIBRA WE,Sem descricao disponivel.,22-03-2026,"R. 8 de Outubro, 52 - Jardim Jordão","dom., 22 de mar.",,Eventos Google,https://www.ticketsports.com.br/e/2-circuito-vibra-we-74740,false
